<?xml version="1.0" encoding="UTF-8"?>
<project-private xmlns="http://www.netbeans.org/ns/project-private/1">
    <editor-bookmarks xmlns="http://www.netbeans.org/ns/editor-bookmarks/2" lastBookmarkId="0"/>
    <open-files xmlns="http://www.netbeans.org/ns/projectui-open-files/2">
        <group>
            <file>file:/C:/Users/User/OneDrive/Documents/NetBeansProjects/Assignmentfinal/Assignment%20(1)/Assignment/Assignment/src/assignmentbackup/DeleteSalesOrder.java</file>
            <file>file:/C:/Users/User/OneDrive/Documents/NetBeansProjects/Assignmentfinal/Assignment%20(1)/Assignment/Assignment/src/assignmentbackup/Receipt.java</file>
            <file>file:/C:/Users/User/OneDrive/Documents/NetBeansProjects/Assignmentfinal/Assignment%20(1)/Assignment/Assignment/src/assignmentbackup/MemFunc.java</file>
            <file>file:/C:/Users/User/OneDrive/Documents/NetBeansProjects/Assignmentfinal/Assignment%20(1)/Assignment/Assignment/src/assignmentbackup/Staff.java</file>
            <file>file:/C:/Users/User/OneDrive/Documents/NetBeansProjects/Assignmentfinal/Assignment%20(1)/Assignment/Assignment/src/assignmentbackup/StaffFunc.java</file>
            <file>file:/C:/Users/User/OneDrive/Documents/NetBeansProjects/Assignmentfinal/Assignment%20(1)/Assignment/Assignment/src/assignmentbackup/Member.java</file>
            <file>file:/C:/Users/User/OneDrive/Documents/NetBeansProjects/Assignmentfinal/Assignment%20(1)/Assignment/Assignment/src/assignmentbackup/main.java</file>
        </group>
    </open-files>
</project-private>
